<?xml version="1.0" encoding="utf-8"?><feed xmlns="http://www.w3.org/2005/Atom"><generator uri="http://jekyllrb.com" version="3.1.6">Jekyll</generator><link href="jasper.kroon.pro/feed.xml" rel="self" type="application/atom+xml" /><link href="jasper.kroon.pro/" rel="alternate" type="text/html" /><updated>2016-06-13T11:59:03+02:00</updated><id>jasper.kroon.pro/</id><title>Jasper Kroon</title><subtitle>Scrum Master and Web Developer from the Netherlands</subtitle><entry><title>You’re up and running!</title><link href="jasper.kroon.pro/Hello-World/" rel="alternate" type="text/html" title="You&#39;re up and running!" /><published>2014-03-03T00:00:00+01:00</published><updated>2014-03-03T00:00:00+01:00</updated><id>jasper.kroon.pro/Hello-World</id><content type="html" xml:base="jasper.kroon.pro/Hello-World/">&lt;p&gt;Next you can update your site name, avatar and other options using the _config.yml file in the root of your repository (shown below).&lt;/p&gt;

&lt;p&gt;&lt;img src=&quot;/images/config.png&quot; alt=&quot;_config.yml&quot; /&gt;&lt;/p&gt;

&lt;p&gt;The easiest way to make your first post is to edit this one. Go into /_posts/ and update the Hello World markdown file. For more instructions head over to the &lt;a href=&quot;https://github.com/barryclark/jekyll-now&quot;&gt;Jekyll Now repository&lt;/a&gt; on GitHub.&lt;/p&gt;

&lt;p&gt;from scrum to kanban to scrum again.
https://www.youtube.com/watch?v=7H67V6noueE&lt;/p&gt;

&lt;p&gt;https://www.google.nl/search?q=dreyfus+model+of+skill+acquisition&amp;amp;tbm=isch&amp;amp;imgil=c0jDH6FuX9pP4M%253A%253B3Cz81bIojgkd2M%253Bhttps%25253A%25252F%25252Fsetandbma.wordpress.com%25252F2013%25252F02%25252F21%25252Fdreyfus-model%25252F&amp;amp;source=iu&amp;amp;pf=m&amp;amp;fir=c0jDH6FuX9pP4M%253A%252C3Cz81bIojgkd2M%252C_&amp;amp;usg=__ZZyfQo16lC02M7ziL64HozpeaDs%3D&amp;amp;biw=1182&amp;amp;bih=1075&amp;amp;ved=0ahUKEwihoY7Qi53NAhXIcRQKHbIlCREQyjcIOQ&amp;amp;ei=8YBaV-HkGMjjUbLLpIgB#imgrc=s2PBTKNUBVLVKM%3A&lt;/p&gt;

&lt;p&gt;https://developer.salesforce.com/blogs/engineering/2015/04/overcommitting-agile-11-practical-solutions-part-2.html&lt;/p&gt;

&lt;p&gt;interesting
http://agilescout.com/the-perfect-scrummaster-job-description/&lt;/p&gt;

&lt;p&gt;Agile at salesforce:
https://developer.salesforce.com/blogs/engineering/2014/08/agile-methodology-salesforce-inside-look.html&lt;/p&gt;

&lt;p&gt;http://www.allaboutagile.com/7-key-principles-of-lean-software-development-2/&lt;/p&gt;</content><summary>Next you can update your site name, avatar and other options using the _config.yml file in the root of your repository (shown below).</summary></entry></feed>
